	id	name	order_id	status	order_type	created_time	start_time	end_time	scheduling_type	order_type_1	capture_count	capture_status_published_count	priority at day 153	priority at day 154	priority at day 155	priority at day 156	priority at day 157	priority at day 158	priority at day 159	priority at day 160	priority at day 161	priority at day 162	priority at day 163	priority at day 164	priority at day 165	priority at day 166	priority at day 167	priority at day 168	priority at day 169	priority at day 170	priority at day 171	priority at day 172	priority at day 173	priority at day 174	priority at day 175	priority at day 176	priority at day 177	priority at day 178	priority at day 179	priority at day 180	priority at day 181	priority at day 182	priority at day 183	priority at day 184	priority at day 185	priority at day 186	priority at day 187	priority at day 188	priority at day 189	priority at day 190	priority at day 191	priority at day 192	priority at day 193	priority at day 194	priority at day 195	priority at day 196	priority at day 197	priority at day 198	priority at day 199	priority at day 200	priority at day 201	priority at day 202	priority at day 203	priority at day 204	priority at day 205	priority at day 206	priority at day 207	priority at day 208	priority at day 209	priority at day 210	priority at day 211	priority at day 212	priority at day 213	priority at day 214	priority at day 215	priority at day 216	priority at day 217	priority at day 218	priority at day 219	priority at day 220	priority at day 221	priority at day 222	priority at day 223	priority at day 224	priority at day 225	priority at day 226	priority at day 227	priority at day 228	priority at day 229	priority at day 230	priority at day 231	priority at day 232	priority at day 233	priority at day 234	priority at day 235	priority at day 236	priority at day 237	priority at day 238	priority at day 239	priority at day 240	priority at day 241	priority at day 242	priority at day 243	priority at day 244	priority at day 245	priority at day 246	priority at day 247	priority at day 248	priority at day 249	priority at day 250	priority at day 251	priority at day 252	priority at day 253	priority at day 254	priority at day 255	priority at day 256	priority at day 257	priority at day 258	priority at day 259	priority at day 260	priority at day 261	priority at day 262	priority at day 263	priority at day 264	priority at day 265	priority at day 266	priority at day 267	priority at day 268	priority at day 269	priority at day 270	priority at day 271	priority at day 272	priority at day 273	priority at day 274	priority at day 275	priority at day 276	priority at day 277	priority at day 278	priority at day 279	priority at day 280	priority at day 281	priority at day 282	priority at day 283	priority at day 284	priority at day 285	priority at day 286	priority at day 287	priority at day 288	priority at day 289	priority at day 290	priority at day 291	priority at day 292	priority at day 293	priority at day 294	priority at day 295	priority at day 296
0	42cc25d7-c16b-4e08-a450-ede1c1220791	114582	42cc25d7-c16b-4e08-a450-ede1c1220791	REQUESTED	IMAGE	Jun 2, 2021, 6:28:41 PM	Jun 2, 2021, 4:41:56 PM	Aug 31, 2021, 4:41:56 PM	FLEXIBLE	IMAGE	2	2	0	0	0	0	0	0	0	0	0	0	0	0	0	0	0	0	0	0	0	0	0	0	0	0	0	0	0	0	0	0	0	0	0	0	0	0	0	0	0	0	0	0	0	0	0	0	0	0	0	0	0	0	0	0	0	0	0	0	0	0	0	0	0	0	0	0	0	0	0	0	0	0	0	0	0	0	0	0	0	0	0	0	0	0	0	0	0	0	0	0	0	0	0	0	0	0	0	0	0	0	0	0	0	0	0	0	0	0	0	0	0	0	0	0	0	0	0	0	0	0	0	0	0	0	0	0	0	0	0	0	0	0	0	0	0	0	0	0	0	0	0	0	0	0
1	17622a20-38d7-4bfc-b1bf-580872b95b0d	115039	17622a20-38d7-4bfc-b1bf-580872b95b0d	REQUESTED	IMAGE	Jun 2, 2021, 6:28:47 PM	Jun 2, 2021, 4:41:56 PM	Aug 31, 2021, 4:41:56 PM	FLEXIBLE	IMAGE	2	1	0	0	0	0	0	0	0	0	0	0	0	0	0	0	0	0	0	0	0	0	0	0	0	0	0	0	0	0	0	0	0	0	0	0	0	0	0	0	0	0	0	0	0	0	0	0	0	0	0	0	0	0	0	0	0	0	0	0	0	0	0	0	0	0	0	0	0	0	0	0	0	0	0	0	0	0	0	0	0	0	0	0	0	0	0	0	0	0	0	0	0	0	0	0	0	0	0	0	0	0	0	0	0	0	0	0	0	0	0	0	0	0	0	0	0	0	0	0	0	0	0	0	0	0	0	0	0	0	0	0	0	0	0	0	0	0	0	0	0	0	0	0	0	0
2	3d2b3064-00a5-4033-9a0a-51ac25e58dfb	114140	3d2b3064-00a5-4033-9a0a-51ac25e58dfb	REQUESTED	IMAGE	Jun 2, 2021, 6:28:04 PM	Jun 2, 2021, 4:41:56 PM	Aug 31, 2021, 4:41:56 PM	FLEXIBLE	IMAGE	1	1	0	0	0	0	0	0	0	0	0	0	0	0	0	0	0	0	0	0	0	0	0	0	0	0	0	0	0	0	0	0	0	0	0	0	0	0	0	0	0	0	0	0	0	0	0	0	0	0	0	0	0	0	0	0	0	0	0	0	0	0	0	0	0	0	0	0	0	0	0	0	0	0	0	0	0	0	0	0	0	0	0	0	0	0	0	0	0	0	0	0	0	0	0	0	0	0	0	0	0	0	0	0	0	0	0	0	0	0	0	0	0	0	0	0	0	0	0	0	0	0	0	0	0	0	0	0	0	0	0	0	0	0	0	0	0	0	0	0	0	0	0	0	0	0
3	bf196171-bd3b-486f-a36e-dadc794bb5e9	120374	bf196171-bd3b-486f-a36e-dadc794bb5e9	REQUESTED	IMAGE	Jul 4, 2021, 5:44:43 PM	Jul 4, 2021, 4:39:04 PM	Oct 2, 2021, 4:39:04 PM	FLEXIBLE	IMAGE	1	1	0	0	0	0	0	0	0	0	0	0	0	0	0	0	0	0	0	0	0	0	0	0	0	0	0	0	0	0	0	0	0	0	0	0	0	0	0	0	0	0	0	0	0	0	0	0	0	0	0	0	0	0	0	0	0	0	0	0	0	0	0	0	0	0	0	0	0	0	0	0	0	0	0	0	0	0	0	0	0	0	0	0	0	0	0	0	0	0	0	0	0	0	0	0	0	0	0	0	0	0	0	0	0	0	0	0	0	0	0	0	0	0	0	0	0	0	0	0	0	0	0	0	0	0	0	0	0	0	0	0	0	0	0	0	0	0	0	0	0	0	0	0	0	0
4	62e4422e-c941-4dfe-a3e4-c346157e84d4	114588	62e4422e-c941-4dfe-a3e4-c346157e84d4	REQUESTED	IMAGE	Jun 2, 2021, 6:28:41 PM	Jun 2, 2021, 4:41:56 PM	Aug 31, 2021, 4:41:56 PM	FLEXIBLE	IMAGE	1	1	0	0	0	0	0	0	0	0	0	0	0	0	0	0	0	0	0	0	0	0	0	0	0	0	0	0	0	0	0	0	0	0	0	0	0	0	0	0	0	0	0	0	0	0	0	0	0	0	0	0	0	0	0	0	0	0	0	0	0	0	0	0	0	0	0	0	0	0	0	0	0	0	0	0	0	0	0	0	0	0	0	0	0	0	0	0	0	0	0	0	0	0	0	0	0	0	0	0	0	0	0	0	0	0	0	0	0	0	0	0	0	0	0	0	0	0	0	0	0	0	0	0	0	0	0	0	0	0	0	0	0	0	0	0	0	0	0	0	0	0	0	0	0	0
5	35f309df-5c9d-40a5-b9ac-309fe135848c	120246	35f309df-5c9d-40a5-b9ac-309fe135848c	REQUESTED	IMAGE	Jul 4, 2021, 5:44:42 PM	Jul 4, 2021, 4:39:04 PM	Oct 2, 2021, 4:39:04 PM	FLEXIBLE	IMAGE	0	0	0	0	0	0	0	0	0	0	0	0	0	0	0	0	0	0	0	0	0	0	0	0	0	0	0	0	0	0	0	0	0	0	0	0	0	0	0	0	0	0	0	0	0	0	0	0	0	0	0	0	0	0	0	0	0	0	0	0	0	0	0	0	0	0	0	0	0	0	0	0	0	0	0	0	0	0	0	0	0	0	0	0	0	0	0	0	0	0	0	0	0	0	0	0	0	0	0	0	0	0	0	0	0	0	0	0	0	0	0	0	0	0	0	0	0	0	0	0	0	0	0	0	0	0	0	0	0	0	0	0	0	0	0	0	0	0	0	0	0	0	0	0	0	0
6	d0ba620e-eaa2-4341-9918-d1a1b1a3254c	121452	d0ba620e-eaa2-4341-9918-d1a1b1a3254c	REQUESTED	IMAGE	Jul 16, 2021, 6:13:49 PM	Jul 16, 2021, 4:47:45 PM	Oct 14, 2021, 4:47:45 PM	FLEXIBLE	IMAGE	0	0	0	0	0	0	0	0	0	0	0	0	0	0	0	0	0	0	0	0	0	0	0	0	0	0	0	0	0	0	0	0	0	0	0	0	0	0	0	0	0	0	0	0	0	0	0	0	0	0	0	0	0	0	0	0	0	0	0	0	0	0	0	0	0	0	0	0	0	0	0	0	0	0	0	0	0	0	0	0	0	0	0	0	0	0	0	0	0	0	0	0	0	0	0	0	0	0	0	0	0	0	0	0	0	0	0	0	0	0	0	0	0	0	0	0	0	0	0	0	0	0	0	0	0	0	0	0	0	0	0	0	0	0	0	0	0	0	0	0	0	0	0	0	0	0
7	7d23bd38-ff40-4cc8-9da8-2642bee93a74	119945	7d23bd38-ff40-4cc8-9da8-2642bee93a74	REQUESTED	IMAGE	Jul 1, 2021, 6:21:01 PM	Jul 1, 2021, 4:38:52 PM	Sep 29, 2021, 4:38:52 PM	FLEXIBLE	IMAGE	0	0	0	0	0	0	0	0	0	0	0	0	0	0	0	0	0	0	0	0	0	0	0	0	0	0	0	0	0	0	0	0	0	0	0	0	0	0	0	0	0	0	0	0	0	0	0	0	0	0	0	0	0	0	0	0	0	0	0	0	0	0	0	0	0	0	0	0	0	0	0	0	0	0	0	0	0	0	0	0	0	0	0	0	0	0	0	0	0	0	0	0	0	0	0	0	0	0	0	0	0	0	0	0	0	0	0	0	0	0	0	0	0	0	0	0	0	0	0	0	0	0	0	0	0	0	0	0	0	0	0	0	0	0	0	0	0	0	0	0	0	0	0	0	0	0
8	e8f2216a-5bb9-474d-9755-0c39a214406f	121566	e8f2216a-5bb9-474d-9755-0c39a214406f	REQUESTED	IMAGE	Jul 16, 2021, 6:13:50 PM	Jul 16, 2021, 4:47:45 PM	Oct 14, 2021, 4:47:45 PM	FLEXIBLE	IMAGE	0	0	0	0	0	0	0	0	0	0	0	0	0	0	0	0	0	0	0	0	0	0	0	0	0	0	0	0	0	0	0	0	0	0	0	0	0	0	0	0	0	0	0	0	0	0	0	0	0	0	0	0	0	0	0	0	0	0	0	0	0	0	0	0	0	0	0	0	0	0	0	0	0	0	0	0	0	0	0	0	0	0	0	0	0	0	0	0	0	0	0	0	0	0	0	0	0	0	0	0	0	0	0	0	0	0	0	0	0	0	0	0	0	0	0	0	0	0	0	0	0	0	0	0	0	0	0	0	0	0	0	0	0	0	0	0	0	0	0	0	0	0	0	0	0	0
9	12483eee-1f86-42c8-ba8d-bf140f294943	125350	12483eee-1f86-42c8-ba8d-bf140f294943	REQUESTED	IMAGE	Jul 27, 2021, 2:53:35 AM	Jul 26, 2021, 11:45:40 PM	Oct 24, 2021, 11:45:40 PM	FLEXIBLE	IMAGE	0	0	0	0	0	0	0	0	0	0	0	0	0	0	0	0	0	0	0	0	0	0	0	0	0	0	0	0	0	0	0	0	0	0	0	0	0	0	0	0	0	0	0	0	0	0	0	0	0	0	0	0	0	0	0	0	0	0	0	0	0	0	0	0	0	0	0	0	0	0	0	0	0	0	0	0	0	0	0	0	0	0	0	0	0	0	0	0	0	0	0	0	0	0	0	0	0	0	0	0	0	0	0	0	0	0	0	0	0	0	0	0	0	0	0	0	0	0	0	0	0	0	0	0	0	0	0	0	0	0	0	0	0	0	0	0	0	0	0	0	0	0	0	0	0	0
10	e4b1eb98-ebf7-411f-811a-8b0a715ab66a	114495	e4b1eb98-ebf7-411f-811a-8b0a715ab66a	REQUESTED	IMAGE	Jun 2, 2021, 6:28:40 PM	Jun 2, 2021, 4:41:56 PM	Aug 31, 2021, 4:41:56 PM	FLEXIBLE	IMAGE	0	0	0	0	0	0	0	0	0	0	0	0	0	0	0	0	0	0	0	0	0	0	0	0	0	0	0	0	0	0	0	0	0	0	0	0	0	0	0	0	0	0	0	0	0	0	0	0	0	0	0	0	0	0	0	0	0	0	0	0	0	0	0	0	0	0	0	0	0	0	0	0	0	0	0	0	0	0	0	0	0	0	0	0	0	0	0	0	0	0	0	0	0	0	0	0	0	0	0	0	0	0	0	0	0	0	0	0	0	0	0	0	0	0	0	0	0	0	0	0	0	0	0	0	0	0	0	0	0	0	0	0	0	0	0	0	0	0	0	0	0	0	0	0	0	0
11	a85d586c-0ecc-4419-9dbc-41292e1b0c2c	125452	a85d586c-0ecc-4419-9dbc-41292e1b0c2c	REQUESTED	IMAGE	Jul 27, 2021, 2:54:00 AM	Jul 26, 2021, 11:45:40 PM	Oct 24, 2021, 11:45:40 PM	FLEXIBLE	IMAGE	0	0	0	0	0	0	0	0	0	0	0	0	0	0	0	0	0	0	0	0	0	0	0	0	0	0	0	0	0	0	0	0	0	0	0	0	0	0	0	0	0	0	0	0	0	0	0	0	0	0	0	0	0	0	0	0	0	0	0	0	0	0	0	0	0	0	0	0	0	0	0	0	0	0	0	0	0	0	0	0	0	0	0	0	0	0	0	0	0	0	0	0	0	0	0	0	0	0	0	0	0	0	0	0	0	0	0	0	0	0	0	0	0	0	0	0	0	0	0	0	0	0	0	0	0	0	0	0	0	0	0	0	0	0	0	0	0	0	0	0	0	0	0	0	0	0
12	4ce554ab-f8d4-474f-a67f-129c8b91081a	122986	4ce554ab-f8d4-474f-a67f-129c8b91081a	REQUESTED	IMAGE	Jul 27, 2021, 2:50:34 AM	Jul 26, 2021, 11:45:40 PM	Oct 24, 2021, 11:45:40 PM	FLEXIBLE	IMAGE	0	0	0	0	0	0	0	0	0	0	0	0	0	0	0	0	0	0	0	0	0	0	0	0	0	0	0	0	0	0	0	0	0	0	0	0	0	0	0	0	0	0	0	0	0	0	0	0	0	0	0	0	0	0	0	0	0	0	0	0	0	0	0	0	0	0	0	0	0	0	0	0	0	0	0	0	0	0	0	0	0	0	0	0	0	0	0	0	0	0	0	0	0	0	0	0	0	0	0	0	0	0	0	0	0	0	0	0	0	0	0	0	0	0	0	0	0	0	0	0	0	0	0	0	0	0	0	0	0	0	0	0	0	0	0	0	0	0	0	0	0	0	0	0	0	0
13	7faedb1e-68b8-4631-b41c-2b0d1431a3b3	120171	7faedb1e-68b8-4631-b41c-2b0d1431a3b3	REQUESTED	IMAGE	Jul 4, 2021, 5:44:41 PM	Jul 4, 2021, 4:39:04 PM	Oct 2, 2021, 4:39:04 PM	FLEXIBLE	IMAGE	0	0	0	0	0	0	0	0	0	0	0	0	0	0	0	0	0	0	0	0	0	0	0	0	0	0	0	0	0	0	0	0	0	0	0	0	0	0	0	0	0	0	0	0	0	0	0	0	0	0	0	0	0	0	0	0	0	0	0	0	0	0	0	0	0	0	0	0	0	0	0	0	0	0	0	0	0	0	0	0	0	0	0	0	0	0	0	0	0	0	0	0	0	0	0	0	0	0	0	0	0	0	0	0	0	0	0	0	0	0	0	0	0	0	0	0	0	0	0	0	0	0	0	0	0	0	0	0	0	0	0	0	0	0	0	0	0	0	0	0	0	0	0	0	0	0
